{
    "rmse": 52391.71866284968,
    "mae": 31747.639468354915
}