{
  "mse":2599443914.6904072762,
  "rmse":50984.7419792472,
  "mae":27769.4380555978,
  "r2":0.774982338
}