{
  "mse":2599443914.6904129982,
  "rmse":50984.7419792472,
  "mae":27769.4380555979,
  "r2":0.774982338
}