{
  "mse": 2744892184.447191,
  "rmse": 52391.71866284968,
  "mae": 31747.63946835492,
  "r2": 0.6013123937270455
}