{
  "mse": 2744892184.4471908,
  "rmse": 52391.71866284967,
  "mae": 31747.639468354908,
  "r2": 0.6013123937270455
}