{
  "validation":{
    "mse":2522153219.9095768929,
    "rmse":50221.0435963808,
    "mae":32690.1906788616,
    "r2":0.5857710053
  },
  "test":{
    "mse":2744892184.4471912384,
    "rmse":52391.7186628497,
    "mae":31747.6394683549,
    "r2":0.6013123937
  }
}